{ "E": [ { "T": 1, "F": { "x": 0.9975044, "y": 0, "z": 0.07060504 }, "P": { "x": 35.8, "y": -0.25, "z": 10 }, "C": 10001 }, { "T": 1, "F": { "x": 0.9975044, "y": 0, "z": 0.07060504 }, "P": { "x": 13.07, "y": 0, "z": 15.86 }, "C": 10001 }, { "T": 4, "F": { "x": -0.309183031, "y": 0, "z": -0.9510027 }, "P": { "x": 42.9, "y": 1.73, "z": 39.74 }, "C": 0 }, { "T": 1, "F": { "x": 0.9975044, "y": 0, "z": 0.07060504 }, "P": { "x": 31.27, "y": -0.25, "z": 17.67 }, "C": 10001 } ] }