{ "ConfigID": 0, "E": [ { "T": 4, "F": { "x": -0.4241998, "y": 0, "z": -0.9055686 }, "P": { "x": 1.1, "y": 0, "z": 7.5 }, "C": 0, "L": { "x": 1.1, "y": 0, "z": 7.5 }, "G": 0 }, { "T": 5, "F": { "x": 0.9975044, "y": 0, "z": 0.07060504 }, "P": { "x": -10.5, "y": 0, "z": 14.6 }, "C": 100299015, "L": { "x": -10.5, "y": 0, "z": 14.6 }, "G": 0 } ] }