{ "E": [ { "T": 1, "F": { "x": 0.9975044, "y": 0, "z": 0.07060504 }, "P": { "x": -58.3000031, "y": 0, "z": -69.5 }, "C": 10001 }, { "T": 1, "F": { "x": 0.9975044, "y": 0, "z": 0.07060504 }, "P": { "x": -84.7000046, "y": 0, "z": -81.3999939 }, "C": 10001 }, { "T": 1, "F": { "x": -0.42419976, "y": 0, "z": -0.9055686 }, "P": { "x": -69.7000046, "y": 0, "z": -77.2999954 }, "C": 10001 }, { "T": 4, "F": { "x": -0.42419976, "y": 0, "z": -0.9055686 }, "P": { "x": -61.3, "y": 0, "z": -49.5 }, "C": 0 } ] }